{"cameraMode":{"drawMode":0,"name":"Shaded","section":"Shading Mode"},"sceneLighting":false,"audioPlay":false,"sceneViewState":{"m_AlwaysRefresh":false,"showFog":true,"showSkybox":false,"showFlares":true,"showImageEffects":true,"showParticleSystems":true,"showVisualEffectGraphs":true,"m_FxEnabled":true},"in2DMode":false,"pivot":{"x":0.0070784687995910648,"y":-0.020943909883499147,"z":0.0007576346397399902},"rotation":{"x":-0.04182789847254753,"y":0.14841288328170777,"z":-0.006282079499214888,"w":-0.9880250096321106},"size":0.29154759645462038,"orthographic":false}